name,surname,booking_count,date_joined
Sophie,Davis,1,1/2/2024 12:10
Emily,Johnson,0,11/12/2024 12:10
Jessica,Rodriguez,3,1/2/2024 12:10
Chloe,Brown,2,1/2/2024 12:10
Amelia,Williams,0,1/2/2024 12:10
Grace,Miller,1,1/2/2023 12:10
Lily,Garcia,1,1/2/2023 12:10
Ruby,Jones,1,1/2/2023 12:10
Charlotte,Martinez,1,1/2/2023 12:10
Evie,Smith,2,1/2/2023 12:10
Matthew,Davis,1,1/2/2023 12:10
Samuel,Garcia,1,1/2/2023 12:10
Joshua,Smith,1,1/2/2023 12:10
Jack,Rodriguez,1,1/2/2023 12:10
James,Brown,0,1/2/2024 12:10
Grace,Miller,0,11/12/2020 12:10
Joseph,Miller,0,11/12/2020 12:10
Jacob,Frye,2,1/2/2024 12:10
Evie,Frye,0,1/2/2024 12:10
Daniel,Johnson,3,1/2/2024 12:10
Thomas,Williams,0,1/2/2024 12:10
Luke,Wilson,0,1/2/2024 12:10
Benjamin,Jones,1,1/2/2024 12:10
Alexander,Martin,1,1/2/2022 12:10
Harry,Moore,2,1/2/2022 12:10
Faye,Hurst,1,1/2/2022 12:10
Tiana,Silva,0,1/2/2022 12:10
Aleena,Mahoney,0,1/2/2022 12:10
Robert,Allen,0,1/2/2022 12:10
Aaron,Mitchell,0,1/2/2022 12:10
Sophie,Davis,2,1/2/2022 12:10
Jacob,Green,0,1/2/2022 12:10
Ben,Hill,0,1/2/2022 12:10
Owen,Turner,0,1/2/2022 12:10
Louis,Anderson,0,1/2/2024 12:10
Liam,Jackson,2,1/2/2024 12:10
Ryan,Hernandez,0,1/2/2024 12:10
Adam,Thomas,0,1/2/2024 12:10
Lewis,Thompson,0,1/2/2024 12:10
Oliver,White,0,1/2/2024 12:10
Callum,Taylor,2,1/2/2024 12:10
William,Martinez,0,1/2/2024 12:10
Lauren,Lang,1,1/2/2024 12:10
Lena,Fernandez,2,1/2/2024 12:10
Eden,Oneal,3,1/2/2024 12:10
